1;250180590;RYBNIK-STODOŁY;Ruda (1156)
2;254140010;DZIWNÓW;
3;250160530;ZIELENIEC;Bystrzyca Dusznicka (1218)
4;250160630;MIĘDZYGÓRZE;Wilczka (1212)
5;250160650;MIĘDZYLESIE;Nysa Kłodzka (12)
6;250170110;DOBROGOSZCZ;Pluskawa (133646)
7;250170250;OTMUCHÓW;Nysa Kłodzka (12)
8;250170290;DZIEWIĘTLICE;Świdna (12548)
9;250170330;GŁUCHOŁAZY;Biała Głuchołaska (1258)
10;250170340;JARNOŁTÓWEK;Złoty Potok (117644)
11;250170390;GŁUBCZYCE;Psina (1152)
12;250180190;KRUPSKI MŁYN;Mała Panew (118)
13;250180270;ŚWIERKLANIEC;Brynica (2126)
14;250190010;JANUSZEWICE;Czarna (Włoszczowska) (2542)
15;250190030;SILNICZKA;Pilica (254)
16;251200290;TEOFILÓW;Pilica (254)
17;354190160;ELBLĄG-MILEJEWO;Elbląg (54)
18;249180020;WARSZOWICE;Pszczynka (2116)
19;249180070;MAZAŃCOWICE;Wapienica (21128)
20;251200220;WŁOCHÓW;Kamienna (234)
21;251200250;SUCHEDNIÓW;Kamienna (234)
22;250190140;ŻARKI;Warta (18)
23;251210230;STARACHOWICE;Kamienna (234)
24;251210240;BRODY IŁŻECKIE;Kamienna (234)
25;252230080;NOWE MASIEWO;Narew (26)
26;251220040;RADZYŃ PODLASKI;Tyśmienica (248)
27;252160050;RYCZYWÓŁ;Wełna (186)
28;252170060;JANOWIEC WIELKOPOLSKI;Wełna (186)
29;252180260;TUREK;Kiełbaska (18334)
30;252190120;ŻYCHLIN;Bzura (272)
31;252200080;BORKOWO;Wkra (268)
32;252210050;PUŁTUSK;Narew (26)
33;252220050;BRAŃSK;Nurzec (2666)
34;252220120;TONKIELE;Bug (266)
35;252230010;NOWOSADY;Kołonna (2611316)
36;252230030;BONDARY;Narew (26)
37;252230040;NAREW;Narew (26)
38;252230090;CHRABOŁY;Orlanka (2614)
39;252230120;BIAŁOWIEŻA;Narewka (2612)
40;253140010;WOLIN;Cieśnina Dziwna (35)
41;253150070;ŁABĘDZIE;Rega (42)
42;253150130;LISOWO;Krąpiel (1988)
43;249200220;ROZTOKA;Dunajec (214)
44;249200240;PTASZKOWA;Łubinka (21434)
45;249200260;ŁĄCKO;Dunajec (214)
46;249200270;TURBACZ;Raba (2138)
47;249200280;ŁABOWA;Kamienica (21432)
48;249200290;OCHOTNICA GÓRNA;Dunajec (214)
49;249200320;ŁOPUSZNA;Dunajec (214)
50;249200330;STUDZIONKI;Dunajec (214)
51;249200340;DĘBNO;Białka (214154)
52;249200350;HUTA;Kamienica (21432)
53;249200360;MIZERNA;Dunajec (214)
54;249200370;KROŚCIENKO;Dunajec (214)
55;249200420;NIEDZICA;Niedziczanka (214172)
56;249200450;BIAŁKA TATRZAŃSKA;Białka (214154)
57;249200480;BUKOWINA TATRZAŃSKA;Białka (214154)
58;249200490;MUSZYNA;Poprad (2142)
59;249200530;ŁYSA POLANA;Białka (214154)
60;249200540;HALA GĄSIENICOWA;Dunajec (214)
61;249200550;DOLINA PIĘCIU STAWÓW;Dunajec (214)
62;249210010;PILZNO;Wisłoka (218)
63;249210040;ŻARNOWA;Wisłok (226)
64;249210070;BIECZ-GRUDNA;Ropa (2182)
65;249210080;JASŁO;Jasiołka (2184)
66;249210090;GORLICE;Sękówka (21826)
67;249180130;CIESZYN;Olza (114)
68;249180160;BRENNA;Brennica (21114)
69;249180210;SZCZYRK;Soła (2132)
70;249180220;CZANTORIA;Wisła (2)
71;249180230;WISŁA;Wisła (2)
72;249180240;WISŁA-MALINKA;Malinka (21112)
73;249180260;ISTEBNA-KUBALONKA;Olza (114)
74;249180280;ISTEBNA-STECÓWKA;Olza (114)
75;249190030;LIBERTÓW;Wisła (2)
76;249190050;RADZISZÓW;Skawinka (21356)
77;249190060;SIEPRAW;Skawinka (21356)
78;249190090;INWAŁD;Skawa (2134)
79;249190130;MIĘDZYBRODZIE BIALSKIE;Soła (2132)
80;249190140;LESKOWIEC;Skawa (2134)
81;249190170;BOGDANÓWKA;Raba (2138)
82;249190190;MAKÓW PODHALAŃSKI;Skawa (2134)
83;249190220;ŚLEMIEŃ;Soła (2132)
84;249190240;LACHOWICE KRALE;Skawa (2134)
85;249190280;KRZECZÓW;Raba (2138)
86;249190340;KOSZARAWA;Soła (2132)
87;249190350;ZAWOJA;Skawica (21344)
88;249190390;MARKOWE SZCZAWINY;Skawa (2134)
89;249190410;MILÓWKA;Soła (2132)
90;249190430;SOPOTNIA WIELKA;Soła (2132)
91;249190440;KORBIELÓW;Soła (2132)
92;249190480;LALIKI;Soła (2132)
93;249190520;OBIDOWA;Raba (2138)
94;249190540;RAJCZA;Soła (2132)
95;249190580;RYCERKA GÓRNA;Soła (2132)
96;249190610;RATUŁÓW;Wielki Rogoźnik (214116)
97;249190620;BAŃSKA WYŻNA;Biały Dunajec (21412)
98;249190630;WITÓW;Czarny Dunajec (21411)
99;249190640;NOWE BYSTRE;Wielki Rogoźnik (214116)
100;249190660;KOŚCIELISKO-KIRY;Kirowa Woda (214112)
101;249190680;HALA ORNAK;Dunajec (214)
102;249200050;STRADOMKA;Stradomka (21388)
103;249200060;GNOJNIK;Uszwica (21396)
104;249200070;DOBCZYCE;Raba (2138)
105;249200110;JODŁOWNIK;Stradomka (21388)
106;249200130;JASTRZĘBIA;Biała (2148)
107;249200140;WĘGLÓWKA;Raba (2138)
108;249200180;LIMANOWA;Łososina (21472)
109;249200210;PÓŁRZECZKI;Łososina (21472)
110;249180090;RUDZICA;Iłownica (2112)
111;250150190;KOWARY;Jedlica (16188)
112;250150220;KARPACZ;Skałka (161844)
113;250150240;PACZYN;Bachorzyna (161154)
114;250150250;PAPROTKI;Bachorzyna (161154)
115;250150260;BUKÓWKA;Bóbr (16)
116;250160070;BORÓW;Ślęza (1336)
117;250160090;PSZENNO;Piława (1344)
118;250160120;LUBOMIN;Dopływ z Lubomina (134822)
119;250160130;SZCZAWNO-ZDRÓJ;Szczawnik (134864)
120;250160150;KAMIENNA GÓRA;Bóbr (16)
121;250160170;LUBACHÓW;Bystrzyca (134)
122;250160190;BOGUSZÓW-GORCE;Lesk (1616)
123;250160260;DZIERŻONIÓW;Piława (1344)
124;250160270;WALIM;Walimka (13418)
125;250160290;CHEŁMSKO ŚLĄSKIE;Zadrna (1614)
126;250160350;SREBRNA GÓRA;Budzówka (1232)
127;250160450;KUDOWA-ZDRÓJ;Klikawa (946)
128;250160480;SŁOSZÓW;Wapienny (12182)
129;250160490;POLANICA-ZDRÓJ;Bystrzyca Dusznicka (1218)
130;250160510;OŁDRZYCHOWICE KŁODZKIE;Biała Lądecka (1216)
131;252210290;RYBIENKO;Bug (266)
132;353210280;MIKOŁAJKI;Jez. Mikołajskie (26439)
133;354220195;SUWAŁKI;Czarna Hańcza (64)
134;350170530;OPOLE;Odra (1)
135;350190566;KRAKÓW-BALICE;Wisła (2)
136;349190625;ZAKOPANE;Dunajec (214)
137;352150300;GORZÓW WIELKOPOLSKI;Warta (18)
138;351180435;KALISZ;Prosna (184)
139;352180345;KOŁO;Warta (18)
140;353160230;PIŁA;Gwda (1886)
141;352160330;POZNAŃ-ŁAWICA;Warta (18)
142;352140310;SŁUBICE;Odra (1)
143;353160215;SZCZECINEK;Gwda (1886)
144;351180455;WIELUŃ;Warta (18)
145;353170235;CHOJNICE;Brda (292)
146;354160105;KOSZALIN;Dzierżęcinka (45614)
147;350150500;JELENIA GÓRA;Bóbr (16)
148;351160415;LEGNICA;Kaczawa (138)
149;351160418;LESZNO;Strzyżewicki Rów (14884)
150;350150510;ŚNIEŻKA;Łomniczka (16184)
151;351160424;WROCŁAW;Odra (1)
152;250190470;KRAKÓW-WOLA JUSTOWSKA;Wisła (2)
153;253160010;SĘPOLNO WIELKIE;Biała (188624)
154;253160020;OSÓWKO;Parsęta (44)
155;253160110;JASTROWIE;Gwda (1886)
156;253170060;ZAPĘDOWO;Brda (292)
157;253170160;SYPNIEWO;Łobżonka (1884)
158;253180040;STAROGARD GDAŃSKI;Wierzyca (298)
159;253180060;CZARNA WODA;Wda (294)
160;253180090;ŚLIWICE;Wda (294)
161;253180150;GRUDZIĄDZ;Wisła (2)
162;253180220;BYDGOSZCZ;Brda (292)
163;253190030;DOBROCIN;Drwęca (28)
164;253190070;PRABUTY;Nogat (52)
165;253190220;LIDZBARK;Wel (286)
166;253210130;SZCZYTNO;Omulew (2654)
167;253210170;ROZOGI;Szkwa (26518)
168;253210210;MYSZYNIEC;Rozoga (2652)
169;253210260;ZARUZIE;Ruż (26516)
170;253220080;DĘBOWO;Biebrza (262)
171;253220130;RADZIŁÓW;Wissa (26296)
172;253220160;BURZYN;Biebrza (262)
173;253220210;TYKOCIN;Narew (26)
174;253220220;ZAWADY;Ślina (26194)
175;253220270;JABŁONOWO-WYPYCHY;Ślina (26194)
176;253230020;RÓŻANYSTOK;Sidra (26214)
177;253230030;JANÓW;Brzozówka (2624)
178;253230060;JAŁÓWKA;Sokołda (26162)
179;253230110;FASTY;Supraśl (2616)
180;249180180;USTROŃ-RÓWNICA-WIEŚ;Wisła (2)
181;249190320;LUBOŃ WIELKI;Raba (2138)
182;249200020;ŁAZY;Gróbka (21394)
183;250160030;BOLKÓW;Nysa Szalona (1384)
184;250160620;KAMIENICA;Kamienica (121624)
185;251200150;ŁAZISKA;Radomka (252)
186;252210240;WIELGOLAS;Wisła (2)
187;249200310;KOWANIEC;Dunajec (214)
188;249210120;NOWY ŻMIGRÓD;Wisłoka (218)
189;249210190;WISŁOCZEK;Wisłok (226)
190;249220240;ŻUBRACZE;San (22)
191;254190020;NOWA PASŁĘKA;Zalew Wiślany (5119)
192;254220020;ŻABIN;Węgorapa (582)
193;254220030;GOŁDAP;Gołdapa (5824)
194;254220060;BANIE MAZURSKIE;Gołdapa (5824)
195;349190650;KASPROWY WIERCH;Dunajec (214)
196;349200660;NOWY SĄCZ;Dunajec (214)
197;349210670;KROSNO;Wisłok (226)
198;349220690;LESKO;San (22)
199;349220695;PRZEMYŚL;San (22)
200;350190550;CZĘSTOCHOWA;Warta (18)
201;350190560;KATOWICE;Rawa (21268)
202;350200570;KIELCE-SUKÓW;Czarna Nida (2164)
203;350200575;TARNÓW;Biała (2148)
204;350210585;SANDOMIERZ;Wisła (2)
205;350220580;RZESZÓW-JASIONKA;Wisłok (226)
206;350230595;ZAMOŚĆ;Wieprz (24)
207;351190469;SULEJÓW;Pilica (254)
208;351210488;KOZIENICE;Wisła (2)
209;351230497;WŁODAWA;Bug (266)
210;352190360;PŁOCK;Wisła (2)
211;352220385;SIEDLCE;Liwiec (2668)
212;353140205;SZCZECIN;Odra (1)
213;353150210;RESKO-SMÓLSKO;Rega (42)
214;353180250;TORUŃ;Wisła (2)
215;353200270;MŁAWA;Wkra (268)
216;353200272;OLSZTYN;Łyna (584)
217;353210285;OSTROŁĘKA;Narew (26)
218;353230295;BIAŁYSTOK;Biała (26168)
219;354150100;KOŁOBRZEG-DŹWIRZYNO;Jez. Resko Przymorskie (43219)
220;354160115;USTKA;Bałtyk (0)
221;354170125;LĘBORK;Łeba (476)
222;354180135;HEL;Bałtyk (0)
223;354210185;KĘTRZYN;Guber (5848)
224;250190170;KRĘCIWILK;Warta (18)
225;250190220;ŁAZY;Przemsza (212)
226;250190290;OLEWIN;Biała Przemsza (2128)
227;250190310;MACZKI;Biała Przemsza (2128)
228;250200010;BARTKÓW;Czarna Nida (2164)
229;250200040;BODZENTYN;Pokrzywianka (23484)
230;250200110;CISÓW;Czarna (2178)
231;250200130;KLISZÓW;Nida (216)
232;250200210;MIECHÓW;Nidzica (21398)
233;250200230;BORUSOWA;Wisła (2)
234;250200250;RADZIEMICE;Szreniawa (21392)
235;250200280;IGOŁOMIA;Wisła (2)
236;250200290;BORZĘCIN;Uszwica (21396)
237;250210020;NOSÓW;Pokrzywianka (23484)
238;250210030;ANNOPOL;Wisła (2)
239;250210070;BARANÓWEK;Koprzywianka (2194)
240;250210080;SADKÓW;Czarna (2178)
241;250210090;JASTRZĘBSKA WOLA;Czarna (2178)
242;250210130;STASZÓW;Czarna (2178)
243;250210160;MAJDAN KRÓLEWSKI;Łęg (2198)
244;250210170;WILCZA WOLA;Łęg (2198)
245;250210210;MIELEC;Wisłoka (218)
246;250210220;KOLBUSZOWA;Łęg (2198)
247;250210230;RADOMYŚL WIELKI;Breń (2174)
248;250210240;ZAWADA;Brzeźnica (2188)
249;250220030;WYSOKIE;Pór (24174)
250;250220050;ZAKŁODZIE;Pór (24174)
251;250220080;FRAMPOL;Łada (2286)
252;250220120;JAROCIN;Bukowa (2294)
253;250220130;BRODZIAKI;Czarna Łada (22862)
254;250220140;TARNOGRÓD;Tanew (228)
255;250220210;JAROSŁAW;San (22)
256;250230020;NIELISZ;Wieprz (24)
257;250230060;JÓZEFÓW;Tanew (228)
258;250230140;WIELKIE OCZY;Szkło (2254)
259;250240010;STRZYŻÓW;Bug (266)
260;251140060;SOBOLICE;Nysa Łużycka (174)
261;251150280;TWARDOCICE;Gajowa (138664)
262;251150290;SULIKÓW;Czerwona Woda (1744)
263;251150320;BIERNA;Czerwona Woda (1744)
264;251150360;ŚWIERZAWA;Kaczawa (138)
265;251160110;OSETNO;Barycz (14)
266;251160150;POLKOWICE DOLNE;Mokrzyca (16418)
267;251160170;CHWAŁKOWICE;Rudawka (145444)
268;251160220;OBORNIKI ŚLĄSKIE;Odra (1)
269;251160290;JAWOR;Nysa Szalona (1384)
270;251170030;WITASZYCE;Lutynia (1852)
271;251170140;MILICZ;Barycz (14)
272;251170210;TRZEBNICA;Polska Woda (142)
273;251170270;BIERUTÓW;Widawa (136)
274;251170290;NAMYSŁÓW;Widawa (136)
275;251180020;ZBIERSK;Czarna Struga (183566)
276;251180040;PODDĘBICE;Ner (1832)
277;251180050;LISKÓW;Swędrnia (18482)
278;251180140;ZŁOCZEW;Oleśnica (1818)
279;251180190;SIEMIANICE;Prosna (184)
280;251190140;PLUCICE;Luciąża (25452)
281;251190160;PRZEDBÓRZ;Pilica (254)
282;251200030;SKIERNIEWICE;Bzura (272)
283;251200080;BIAŁOBRZEGI;Pilica (254)
284;251200130;OPOCZNO;Drzewiczka (2548)
285;251200140;RUSZKOWICE;Radomka (252)
286;251180090;SIERADZ;Warta (18)
287;249210160;ORZECHÓWKA;Wisłok (226)
288;249210170;BARTNE;Ropa (2182)
289;249210180;KREMPNA;Wisłoka (218)
290;249210210;PUŁAWY DOLNE;Wisłok (226)
291;249210220;WYSZOWADKA;Wisłoka (218)
292;249210230;WYSOWA;Ropa (2182)
293;249210240;BARWINEK;Jasiołka (2184)
294;249210250;JAŚLISKA;Jasiołka (2184)
295;249210260;TYLICZ;Poprad (2142)
296;249210270;WISŁOK WIELKI;Wisłok (226)
297;249220010;KAŃCZUGA;Mleczka (2268)
298;249220040;DYNÓW;San (22)
299;249220060;BIRCZA;San (22)
300;249220070;RYBOTYCZE;Wiar (224)
301;249220080;SANOK-TREPCZA;San (22)
302;249220110;NOWOTANIEC;Pielnica (22618)
303;249220120;LESZCZOWATE;San (22)
304;249220150;SOLINA-JAWOR;San (22)
305;249220170;BALIGRÓD-MCHAWA;Hoczewka (2218)
306;249220210;TERKA;Solinka (2212)
307;249220220;POLANA;Czarna (22132)
308;249220230;LUTOWISKA;San (22)
309;249220260;DWERNIK;San (22)
310;249220270;KALNICA;Wetlina (22126)
311;249220280;STUPOSIANY;Wołosaty (22114)
312;249220290;ROZTOKI GÓRNE;San (22)
313;249220310;WETLINA;San (22)
314;249220320;POŁONINA WETLIŃSKA;San (22)
315;249220330;TARNAWA NIŻNA;San (22)
316;249220340;WOŁOSATE;San (22)
317;249220350;WYŻNIAŃSKI WIERCH;San (22)
318;250140030;BOGATYNIA;Miedzianka (17416)
319;250150030;POBIEDNA;Łużyca (166324)
320;250150110;KACZORÓW;Kaczawa (138)
321;250150130;CIECHANOWICE;Bóbr (16)
322;254160110;MIASTKO;Wieprza (46)
323;254170130;NIEZABYSZEWO;Słupia (472)
324;254170140;KOŚCIERZYNA;Wierzyca (298)
325;254180010;ROZEWIE;Bałtyk (0)
326;254180050;WEJHEROWO;Reda (478)
327;254180060;GDYNIA;Bałtyk (0)
328;254180140;OSTRZYCE-BRODNICA GÓRNA;Radunia (4868)
329;254190050;FROMBORK;Zalew Wiślany (5119)
330;254190070;TOLKMICKO;Zalew Wiślany (5119)
331;254190080;PIERZCHAŁY;Pasłęka (56)
332;254190160;PASŁĘK;Wąska (5456)
333;254200040;BARTOSZYCE;Łyna (584)
334;254200050;BORNITY;Wałsza (568)
335;254200070;KASZUNY;Drwęca Warmińska (566)
336;254210020;WĘGORZEWO;Węgorapa (582)
337;250150210;PRZESIEKA;Podgórna (16288)
338;250160520;LĄDEK-ZDRÓJ;Biała Lądecka (1216)
339;251200240;STANOWISKA;Czarna (Maleniecka) (2544)
340;252230060;NAREWKA;Narewka (2612)
341;249200380;SZAFLARY;Biały Dunajec (21412)
342;249210140;DUKLA;Jasiołka (2184)
343;249220190;SAKOWCZYK;San (22)
344;350160520;KŁODZKO;Nysa Kłodzka (12)
345;253220120;OSOWIEC;Biebrza (262)
346;353140200;ŚWINOUJŚCIE;Bałtyk (0)
347;250210260;SĘDZISZÓW MAŁOPOLSKI;Brzeźnica (2188)
348;251180240;JASTRZYGOWICE;Prosna (184)
349;352200375;WARSZAWA;Wisła (2)
350;253210220;DOBRYLAS;Pisa (264)
351;352230399;TERESPOL;Bug (266)
352;250190210;PILICA;Pilica (254)
353;250210050;ŚWIĘTY KRZYŻ;Pokrzywianka (23484)
354;250230070;TOMASZÓW LUBELSKI;Sołokija (26614)
355;251150340;GRYFÓW ŚLĄSKI;Kwisa (166)
356;251180160;OSJAKÓW;Warta (18)
357;249180170;BŁATNIA;Brennica (21114)
358;249190150;STRÓŻA;Raba (2138)
359;249190530;PILSKO;Soła (2132)
360;249200120;ROZDZIELE;Raba (2138)
361;250150170;JAKUSZYCE;Kamienna (162)
362;250160310;MIEROSZÓW;Ścinawka (122)
363;250180030;STARE OLESNO;Stobrawa (132)
364;251200170;CHEŁSTY;Czarna (Maleniecka) (2544)
365;252210020;CZARNOWO;Orz (2656)
366;249200230;GRYBÓW;Biała (2148)
367;249200470;KRYNICA;Poprad (2142)
368;249220180;KOMAŃCZA;Osława (222)
369;250150060;RĘBISZÓW;Skitnica (166246)
370;253210180;PTAKI;Pisa (264)
371;250200220;SIELEC;Nidzica (21398)
372;250210180;CHORZELÓW;Wisła (2)
373;250230130;FUTORY;Lubaczówka (2256)
374;249190080;WADOWICE;Skawa (2134)
375;249190460;SPYTKOWICE GÓRNE;Skawa (2134)
376;250150150;SZKLARSKA PORĘBA;Kamieńczyk (1622)
377;250160410;BARDO;Nysa Kłodzka (12)
378;252180210;KŁODAWA;Rgilewka (18332)
379;249200440;JAWORZYNA KRYNICKA;Poprad (2142)
380;249210150;IWONICZ-ZDRÓJ;Wisłok (226)
381;249220140;SZCZAWNE;Osława (222)
382;250150050;PILCHOWICE;Bóbr (16)
383;254200080;LIDZBARK WARMIŃSKI;Łyna (584)
384;350180540;RACIBÓRZ;Odra (1)
385;351150400;ZIELONA GÓRA;Odra (1)
386;253220070;BIEBRZA;Ełk (2628)
387;351220495;LUBLIN-RADAWIEC;Bystrzyca (246)
388;250200050;RYKOSZYN;Nida (216)
389;250210120;KLIMONTÓW;Koprzywianka (2194)
390;250230160;CIESZANÓW;Tanew (228)
391;251150350;LUBOMIERZ;Oldza (1664)
392;251180150;MIRKÓW;Prosna (184)
393;249190420;ŻABNICA;Żabniczanka (213234)
394;249190310;PEWEL MAŁA;Koszarawa (21324)
395;249190290;LIPOWA;Soła (2132)
396;249190380;KAMESZNICA;Bystra (213232)
397;249190750;SOBLÓWKA;Soła (2132)
398;249190270;OSIELEC;Skawa (2134)
399;249190470;RABA WYŻNA;Raba (2138)
400;249190230;LUBIEŃ;Lubieńka (213834)
401;249200080;ŁAPANÓW;Stradomka (21388)
402;249190560;JABŁONKA;Czarna Orawa (8222)
403;249210130;ZBOISKA;Jasiołka (2184)
404;249220160;TELEŚNICA OSZWAROWA;San (22)
405;249220130;BRZEGI DOLNE;Strwiąż (76)
406;252180060;PAKOŚĆ;Noteć (188)
407;253140110;GRYFINO;Odra (Regalica) (19751)
408;252150070;DREZDENKO;Noteć (188)
409;249200930;PORONIN;Biały Dunajec (21412)
410;249200980;MSZANA DOLNA;Raba (2138)
411;249200990;WRONOWICE;Łososina (21472)
412;249190210;ŁODYGOWICE;Soła (2132)
413;249190670;POLANA CHOCHOŁOWSKA;Dunajec (214)
414;252170110;GNIEZNO;Wełna (186)
415;249200570;TRZEMEŚNIA;Raba (2138)
416;250160220;JEDLINA-ZDRÓJ;Jedlina (13416)
417;252170180;WRZEŚNIA;Wrześnica (1838)
418;249200250;JASIONÓW;Raba (2138)
419;249210030;TUCHÓW;Biała (2148)
420;249220250;CISNA;Solinka (2212)
421;253200080;JEMIOŁOWO;Pasłęka (56)
422;351190465;ŁÓDŹ-LUBLINEK;NER (1832)
423;250190180;PIWOŃ;Przemsza (212)
424;250210110;RAKÓW;Czarna (2178)
425;251150180;TOMASZÓW BOLESŁAWIECKI;Bobrzyca (1638)
426;349190600;BIELSKO-BIAŁA;Biała (2114)
427;354170120;ŁEBA;Łeba (476)
428;253140040;TRZEBIEŻ;Zalew Szczeciński (319)
429;251150110;ŻAGAŃ;Bóbr (16)
430;250150080;STARA KAMIENICA;Kamienica (1632)
431;250150090;ŚWIERADÓW-ZDRÓJ;Kwisa (166)
432;250180250;BRYNICA;Brynica (2126)
433;249190010;JAWISZOWICE;Wisła (2)
434;253150020;WITNO;Cieśnina Dziwna (35)
435;250190080;WĄSOSZ;Pilica (254)
436;254180130;GORĘCZYNO;Martwa Wisła (48)
437;253180170;NOWY JASINIEC;Brda (292)
438;253170030;RÓŻKI-DĘBIE;Brda (292)
439;254160040;JEŻYCZKI;Wieprza (46)
440;254160060;SIERAKOWO;Wieprza (46)
441;253160040;GRZMIĄCA;Parsęta (44)
442;254160080;POLANÓW;Wieprza (46)
443;250190160;LGOTA GÓRNA;Warta (18)
444;253180020;RADOSTOWO;Wisła (2)
445;254170190;SŁUPSK;Słupia (472)
446;253190260;OSTROWITE;Drwęca (28)
447;249180010;PSZCZYNA;Pszczynka (2116)
448;250150340;BOROWICE;Kacza (162886)
449;250150350;PODGÓRZYN;Podgórna (16288)
450;254190120;KMIECIN;Szkarpawa (514)
451;252230110;HAJNÓWKA;Leśna (26652)
452;252180080;KOŁUDA WIELKA;Noteć (188)
453;252170210;KÓRNIK;Warta (18)
454;252150050;KRZYŻ;Noteć (188)
455;252160160;PAPROĆ;Obra (1878)
456;252160230;WIELICHOWO;Obra (1878)
457;253230160;SUPRAŚL;Supraśl (2616)
458;249190780;GUBAŁÓWKA;Wielki Rogoźnik (214116)
459;249190790;RATUŁÓW;Wielki Rogoźnik (214116)
460;249190880;WADOWICE;Skawa (2134)
461;249200950;SZAFLARY;Biały Dunajec (21412)
462;249210340;KREMPNA;Wisłoka (218)
463;250190510;PIWOŃ;Przemsza (212)
464;250220220;JAROSŁAW;San (22)
465;250160590;DŁUGOPOLE-ZDRÓJ;Nysa Kłodzka (12)
466;354180155;GDAŃSK-ŚWIBNO;Wisła (2)
467;253230170;NOWOSIÓŁKI;Supraśl (2616)
468;249190770;STRACONKA;Biała (2114)
469;252160110;SZAMOTUŁY-BABORÓWKO;Sama (1872)
470;249180150;WAPIENICA;Wapienica (21128)
471;250180380;SUKOWICE;Cisek (11594)
472;250200370;KONIECZNO;Nida (216)
473;253170210;CHRZĄSTOWO;Noteć (188)
474;251190220;DOBRYSZYCE;Widawka (182)
475;252140160;TRZCIŃSKO-ZDRÓJ;Rurzyca (1886592)
476;251160360;GŁOGÓW;Odra (1)
477;251150410;ŚWIERZAWA;Kaczawa (138)
478;251200270;DĄBRÓWKA STARA;Pilica (254)
479;251150390;ZŁOTNIKI LUBAŃSKIE;Zb. Złotniki (166513)
480;250160320;OSTROSZOWICE;Jadkowa (12322)
481;253220310;MOŃKI;Nereśl (2618)
482;250160840;SZALEJÓW GÓRNY;Bystrzyca Dusznicka (1218)
483;254220090;OLECKO;Jez. Olecko Wielkie (2626139)
484;250200380;BIELINY PODUCHOWNE;Czarna Nida (2164)
485;249200910;MORSKIE OKO;Rybi Potok (2141542)
486;249190850;RYCERKA GÓRNA;Soła (2132)
487;249190860;SOBLÓWKA;Soła (2132)
488;249190870;ŚLEMIEŃ;Soła (2132)
489;254160020;DARŁOWO;Wieprza (46)
490;250190380;BIERUŃ STARY;Mleczna (21188)
491;251210040;JARCZEW;Wilga (2536)
492;254180260;GDAŃSK-PORT PÓŁNOCNY;Bałtyk (0)
493;249201010;SIERCZA;Wisła (2)
494;249190820;KOSZARAWA;Soła (2132)
495;249190830;KOŚCIELISKO-KIRY;Kirowa Woda (214112)
496;249190840;RAJCZA;Soła (2132)
497;252150180;LUBINICKO-ŚWIEBODZIN;Obrzyca (156)
498;252190160;WALEWICE;Bzura (272)
499;253230180;DRAHLE;Sokołda (26162)
500;253150250;DRAWNO;Drawa (1888)
501;251180330;DZIAŁOSZYN;Warta (18)
502;251180310;KIEŁCZYGŁÓW;Nieciecz (18292)
503;251180320;KRASZEWICE;Łużyca (18438)
504;252170330;NOWA WIEŚ PODGÓRNA;Warta (18)
505;251170360;OSTRÓW WIELKOPOLSKI;Ołobok (1844)
506;251190210;SZCZERCÓW;Widawka (182)
507;252180290;TULISZKÓW;Powa (18352)
508;250150510;MIRSK;Czarny Potok (16632)
509;253150190;PRZELEWICE;Płonia (1976)
510;252170190;SŁUPCA;Warta (18)
511;250160360;TARNÓW;Budzówka (1232)
512;254190190;ELBLĄG;Elbląg (54)
513;250230170;JĘDRZEJÓWKA;Tanew (228)
514;253190310;KULIGI;Wel (286)
515;249190810;KALWARIA ZEBRZYDOWSKA;Skawinka (21356)
516;253160090;WIERZCHOWO;Drawa (1888)
517;251210120;PUŁAWY;Wisła (2)
518;252230250;ZAMOSZE;Narew (26)
519;251160320;RADZYŃ;Obrzyca (156)
520;250210040;NOWA SŁUPIA;Pokrzywianka (23484)
521;253220330;MARIANOWO II;Narew (26)
522;251190190;ŁASK;Grabia (1828)
523;252180310;RADOSZEWICE;Noteć (188)
524;249180410;ISTEBNA-WIEŚ;Olza (114)
525;251230120;BEZEK;Wieprz (24)
526;253210350;TYSZKI-WĄDOŁOWO;Skroda (26498)
527;251190230;JAROSTY;Luciąża (25452)
528;254190230;ROGITY;Pasłęka (56)
529;250190520;TYCHY;Gostynia (2118)
530;249200920;PIWNICZNA;Poprad (2142)
531;250200360;DĄBROWA TARNOWSKA;Breń (2174)
532;254170040;KARŻNICZKA;Łupawa (474)
533;252200120;LEGIONOWO;Wisła (2)
534;252190030;GŁODOWO;Mień (2794)
535;252230190;CICIBÓR;Krzna (2664)
536;249180390;BRENNA-LEŚNICA;Leśnica (211146)
537;250180330;ŁABĘDY;Kłodnica (116)
538;254180090;GDAŃSK-RĘBIECHOWO;
539;250180580;DRONIOWICE;Liswarta (1816)
540;251180350;SIERADZ-DZIGORZEW;Warta (18)
541;249190890;RADZIECHOWY ;Soła (2132)
542;252200150;WARSZAWA-BIELANY;Wisła (2)
543;249180530;ISTEBNA-STECÓWKA;Olza (114)
544;251140110;SANICE;Nysa Łużycka (174)
545;253210370;ŚWIĘTAJNO;Narew (26)
546;251170380;WOLA KSIĄŻĘCA;Lutynia (1852)
547;252230240;NAREWKA;Narewka (2612)
548;249180520;RUDZICA;Iłownica (2112)
549;249200960;NOWY TARG-KOWANIEC;Dunajec (214)
550;252230230;NAREW;Narew (26)
551;253210290;PTAKI;Pisa (264)
552;253210280;DOBRYLAS;Pisa (264)
553;250160560;STRONIE ŚLĄSKIE;Biała Lądecka (1216)
554;351160425;WROCŁAW;Odra (1)
555;249180550;CIESZYN;Olza (114)
556;349200628;HALA GĄSIENICOWA;Dunajec (214)
557;252150270;BABIMOST;
